{
    "settings" : "./assets/jsons/settings.json",
    "tilesets" : {
        "ground" : "./assets/jsons/tilesets/ground.json",
        "balloons" : "./assets/jsons/tilesets/balloons.json",
        "towers" : "./assets/jsons/tilesets/towers.json",
        "bullets" : "./assets/jsons/tilesets/bullets.json"
    },
    "mainMenuScene" : "./assets/jsons/mainMenuScene.json",
    "levelEditorScene" : "./assets/jsons/levelEditorScene.json",
    "gameplayScene" : "./assets/jsons/gameplayScene.json",
    "levels" : {
        "1" : "./assets/jsons/map1/level.json",
        "2" : "./assets/jsons/map2/level.json",
        "3" : "./assets/jsons/map3/level.json",
        "4" : "./assets/jsons/map4/level.json"
    }
}
