{"health":100,"money":100,"numWaves":10,"tilemap":"./assets/jsons/map4/tilemap.json","waves":{"1":"./assets/jsons/map4/wave1/wave.json","2":"./assets/jsons/map4/wave2/wave.json","3":"./assets/jsons/map4/wave3/wave.json","4":"./assets/jsons/map4/wave4/wave.json","5":"./assets/jsons/map4/wave5/wave.json","6":"./assets/jsons/map4/wave6/wave.json","7":"./assets/jsons/map4/wave7/wave.json","8":"./assets/jsons/map4/wave8/wave.json","9":"./assets/jsons/map4/wave9/wave.json","10":"./assets/jsons/map4/wave10/wave.json"}}